{"test/samples_per_second":59.454,"train/learning_rate":1.4835398230088495e-05,"train_runtime":659.9712,"test/accuracy":0.78,"eval/loss":1.1202380657196045,"_step":174,"_timestamp":1.7746312562329257e+09,"train/loss":0.00022803694009780883,"total_flos":7.93115832877056e+17,"eval_f1":0.7767139662882697,"train_loss":0.12971196864801982,"eval/steps_per_second":29.219,"eval/f1":0.7482936507936508,"_wandb":{"runtime":773},"test/steps_per_second":29.727,"train/epoch":13,"train/global_step":1469,"train_samples_per_second":68.185,"eval/accuracy":0.75,"test/loss":1.019951581954956,"_runtime":773,"eval/runtime":1.7112,"train_steps_per_second":8.561,"eval/samples_per_second":58.439,"test/f1":0.7767139662882697,"eval_accuracy":0.78,"test/runtime":1.682,"train/grad_norm":0.0015442478470504284}