{"test/accuracy":0.73,"test/steps_per_second":29.663,"train_samples_per_second":51.984,"eval/steps_per_second":29.929,"_runtime":981,"_wandb":{"runtime":981},"total_flos":1.037151473762304e+18,"final_eval_accuracy":0.73,"test/loss":1.136500358581543,"eval/accuracy":0.72,"train/global_step":1921,"eval/samples_per_second":59.858,"train_runtime":865.6533,"test/f1":0.737562656641604,"test/runtime":1.6856,"train/loss":0.00018232017755508422,"eval/runtime":1.6706,"eval/loss":1.200883150100708,"eval/f1":0.7279127966976263,"train/learning_rate":1.3207079646017699e-05,"eval_accuracy":0.73,"eval_f1":0.737562656641604,"train_steps_per_second":6.527,"_timestamp":1.774633397748787e+09,"train_loss":0.09597878637473947,"train/grad_norm":0.0023286407813429832,"_step":229,"final_eval_f1":0.737562656641604,"train/epoch":17,"test/samples_per_second":59.325}