{"_wandb":{"runtime":11341},"val_acc":0.98,"val_f1":0.9799749373433583,"tta_val_acc":1,"train_loss":0.5538241527477901,"_step":34,"val_loss":0.5566636085510254,"train_acc":0.9808333333333333,"_runtime":11341,"_timestamp":1.7746830733836615e+09,"epoch":34,"train_f1":0.9808248310395516,"tta_val_f1":1}