{"_wandb":{"runtime":5125},"train_steps_per_second":2.212,"_timestamp":1.7746273281903803e+09,"train_samples_per_second":17.616,"eval/accuracy":0.93,"train_samples":900,"train_loss":0.01620263242088588,"eval_accuracy":0.93,"_step":1334,"eval/f1":0.9293301435406699,"train/grad_norm":0.000122915007523261,"train/epoch":100,"eval/loss":0.2965708076953888,"train/global_step":11300,"train/loss":8.122622966766358e-06,"val_samples":100,"_runtime":5125,"num_classes":10,"eval/samples_per_second":59.321,"eval/runtime":1.6857,"train/learning_rate":1.769911504424779e-09,"total_flos":6.1008910221312e+18,"eval_f1":0.9293301435406699,"eval/steps_per_second":29.661,"train_runtime":5108.9241,"final_eval_metrics":{"eval_accuracy":0.93,"eval_f1":0.9293301435406699,"eval_runtime":1.6857,"eval_samples_per_second":59.321,"eval_steps_per_second":29.661,"epoch":100,"eval_loss":0.2965708076953888}}